Age,Gender,Annual_Income,Employment_Years,Credit_Score,Existing_Loans,Loan_Amount,Marital_Status,Education,Property_Owner,Default_History,Approved
59,Female,90326,26,649,2,24094,Married,Undergraduate,Yes,Yes,0
49,Male,112447,7,595,4,15589,Single,Undergraduate,No,Yes,0
35,Male,134994,1,557,2,6657,Single,Undergraduate,Yes,No,0
28,Female,109899,21,380,5,37764,Married,Undergraduate,No,No,0
41,Male,40049,12,567,0,44531,Single,Graduate,Yes,Yes,0
59,Male,95717,20,718,5,8164,Single,Undergraduate,Yes,No,1
39,Female,125361,15,534,4,32542,Single,Undergraduate,No,No,0
43,Male,36082,27,610,1,23437,Married,Graduate,Yes,No,0
31,Male,20661,1,656,0,46247,Single,Undergraduate,Yes,No,0
31,Female,57412,10,512,3,43505,Single,Graduate,Yes,No,0
44,Female,134015,9,873,2,24601,Married,Undergraduate,No,No,1
56,Male,143191,14,348,5,33430,Married,Graduate,No,No,0
44,Male,22920,16,426,0,11009,Single,Graduate,Yes,Yes,0
23,Female,111194,7,522,5,9552,Married,Undergraduate,Yes,Yes,0
42,Female,134306,17,578,0,14417,Single,Undergraduate,Yes,No,0
22,Male,80315,22,707,4,46989,Single,Undergraduate,No,Yes,0
44,Female,99561,8,804,4,7671,Single,Undergraduate,No,Yes,0
50,Male,28946,24,593,4,11519,Married,Graduate,Yes,Yes,0
58,Male,114242,7,576,5,41730,Single,Graduate,No,No,0
22,Male,65500,26,737,3,17734,Married,Graduate,No,No,1
41,Male,124540,13,406,4,8722,Married,Undergraduate,No,No,0
53,Male,36309,27,719,0,9906,Single,Graduate,No,No,0
32,Female,75230,25,728,4,35096,Married,Undergraduate,Yes,No,1
42,Female,131822,24,674,1,45031,Married,Undergraduate,No,Yes,0
45,Female,118656,17,372,4,18699,Married,Graduate,No,No,0
47,Female,143782,21,329,5,26438,Married,Undergraduate,Yes,Yes,0
48,Male,50027,19,487,3,48856,Married,Graduate,Yes,No,0
36,Male,146768,29,663,1,38576,Single,Undergraduate,No,Yes,0
35,Male,92541,19,750,5,46938,Married,Graduate,No,No,1
23,Male,132340,20,494,5,37247,Single,Undergraduate,Yes,No,0
57,Female,134846,11,455,5,48461,Single,Graduate,Yes,No,0
27,Male,79321,18,471,0,32938,Single,Graduate,Yes,No,0
41,Male,20956,13,340,5,45469,Single,Undergraduate,No,No,0
29,Female,120375,16,362,0,22600,Single,Undergraduate,No,No,0
59,Female,94131,23,322,5,25435,Single,Graduate,Yes,Yes,0
38,Female,67908,20,659,2,23581,Married,Undergraduate,No,No,1
24,Female,98339,2,374,1,19191,Married,Undergraduate,Yes,Yes,0
45,Male,145659,25,859,2,24190,Married,Undergraduate,No,No,1
34,Male,45963,29,417,5,32386,Single,Graduate,Yes,Yes,0
29,Female,121757,22,679,1,36721,Married,Graduate,Yes,Yes,0
46,Male,59443,6,589,1,18704,Married,Undergraduate,No,Yes,0
22,Male,119259,16,739,3,7123,Married,Undergraduate,No,Yes,0
40,Male,59063,11,306,2,30174,Single,Graduate,No,Yes,0
48,Female,134225,8,495,3,49301,Married,Undergraduate,No,Yes,0
27,Male,136400,14,720,1,19586,Single,Graduate,No,No,1
28,Female,100818,17,867,0,36976,Married,Undergraduate,No,Yes,0
55,Male,24703,20,492,1,30416,Single,Undergraduate,Yes,No,0
34,Male,85128,12,858,3,6814,Single,Undergraduate,No,No,1
37,Male,92099,29,447,2,18001,Single,Graduate,Yes,Yes,0
56,Female,45849,20,501,5,21508,Married,Graduate,Yes,Yes,0
24,Male,51860,29,743,5,24630,Married,Graduate,No,No,1
22,Female,51585,7,718,2,18380,Single,Graduate,Yes,Yes,0
26,Female,42015,13,726,5,40699,Married,Undergraduate,Yes,Yes,0
24,Female,97539,7,778,5,17317,Single,Undergraduate,No,Yes,0
49,Male,63585,13,774,3,40739,Single,Graduate,No,Yes,0
38,Male,46958,6,425,2,39785,Married,Undergraduate,No,Yes,0
46,Male,46017,22,694,4,36980,Married,Undergraduate,Yes,Yes,0
54,Male,96707,11,875,0,28799,Married,Graduate,No,Yes,0
30,Female,144677,10,624,0,40183,Single,Undergraduate,No,No,0
56,Female,65350,21,691,5,34166,Single,Undergraduate,No,Yes,0
34,Female,32201,21,739,0,24480,Married,Graduate,No,No,0
51,Male,49426,10,503,2,6609,Single,Undergraduate,Yes,No,0
35,Female,37778,24,785,2,5717,Married,Undergraduate,No,No,0
28,Male,65241,21,330,1,24945,Single,Undergraduate,Yes,No,0
34,Female,62229,27,687,1,30592,Married,Graduate,No,Yes,0
43,Male,106652,28,733,0,33141,Married,Graduate,Yes,No,1
41,Male,148267,12,675,4,35009,Single,Undergraduate,Yes,No,1
36,Female,138402,17,643,1,11782,Married,Undergraduate,Yes,No,0
38,Female,68364,1,742,1,31536,Married,Undergraduate,No,No,1
44,Female,118833,28,878,2,38816,Single,Graduate,Yes,No,1
46,Female,146503,20,374,4,30933,Married,Graduate,No,Yes,0
45,Male,149044,14,856,5,16618,Single,Graduate,No,Yes,0
49,Female,104878,19,454,0,13307,Married,Undergraduate,No,No,0
35,Female,77056,26,729,1,31671,Single,Undergraduate,No,Yes,0
21,Female,47490,17,662,4,45673,Married,Undergraduate,No,Yes,0
45,Male,147769,14,747,4,47761,Married,Undergraduate,Yes,No,1
27,Male,39975,18,533,0,15338,Married,Undergraduate,No,No,0
29,Female,46723,22,862,4,43346,Married,Graduate,Yes,No,0
44,Male,43279,23,561,4,11548,Single,Undergraduate,Yes,Yes,0
21,Female,98301,11,424,4,45149,Single,Undergraduate,Yes,No,0
28,Male,132214,12,544,1,26164,Single,Undergraduate,Yes,Yes,0
44,Male,31561,21,841,0,32526,Single,Graduate,Yes,Yes,0
31,Male,127435,10,784,4,36222,Single,Undergraduate,Yes,Yes,0
37,Male,86061,4,421,4,25176,Single,Graduate,Yes,No,0
28,Female,108397,28,424,1,7941,Single,Graduate,No,Yes,0
55,Female,69153,0,848,0,10695,Married,Graduate,Yes,No,1
55,Female,53142,23,469,2,44169,Married,Graduate,No,No,0
53,Male,46916,2,423,1,30553,Married,Graduate,Yes,No,0
25,Female,84324,21,334,0,43965,Married,Undergraduate,Yes,No,0
59,Female,64965,18,386,4,43218,Single,Undergraduate,Yes,No,0
48,Female,145932,22,500,0,30359,Single,Graduate,Yes,Yes,0
27,Male,24648,28,668,0,29816,Single,Graduate,No,Yes,0
29,Male,55133,29,376,5,13378,Married,Graduate,No,Yes,0
28,Male,70677,6,358,0,6881,Single,Undergraduate,No,Yes,0
32,Female,116059,11,730,2,44567,Married,Undergraduate,Yes,Yes,0
54,Female,114588,14,799,0,18675,Single,Graduate,Yes,No,1
53,Female,119950,24,408,2,9586,Single,Undergraduate,Yes,No,0
43,Male,118317,4,577,4,30006,Single,Undergraduate,No,Yes,0
44,Male,90135,14,367,2,46198,Single,Graduate,Yes,Yes,0
57,Female,55046,7,368,4,27831,Married,Graduate,No,Yes,0
55,Male,67064,9,464,4,40113,Married,Undergraduate,No,No,0
42,Male,121459,25,788,2,21459,Single,Undergraduate,Yes,No,1
47,Male,126625,15,604,1,37443,Married,Undergraduate,Yes,No,0
55,Male,89350,7,664,3,47316,Single,Graduate,No,Yes,0
21,Female,65893,0,678,0,35595,Single,Graduate,No,Yes,0
55,Male,121520,11,642,5,10877,Single,Graduate,No,Yes,0
57,Male,145818,4,853,3,44553,Single,Undergraduate,Yes,Yes,0
34,Male,81272,2,653,0,9922,Married,Undergraduate,Yes,No,1
23,Male,112152,0,715,0,9686,Single,Graduate,Yes,Yes,0
21,Female,142907,3,408,4,37766,Single,Undergraduate,Yes,Yes,0
25,Female,87649,7,862,0,19407,Married,Graduate,Yes,Yes,0
46,Male,84674,2,796,5,37006,Single,Undergraduate,Yes,No,1
34,Male,144132,9,640,0,36422,Married,Graduate,No,No,0
59,Male,139044,1,682,2,17205,Single,Undergraduate,No,Yes,0
47,Male,128542,10,832,3,26054,Single,Undergraduate,No,No,1
29,Male,33760,24,599,2,28527,Single,Graduate,Yes,No,0
35,Male,41927,9,438,5,23443,Single,Graduate,No,No,0
35,Female,106475,20,658,0,21524,Single,Graduate,Yes,No,1
46,Male,81367,13,798,5,33202,Single,Graduate,Yes,No,1
33,Female,117955,6,684,4,5016,Married,Graduate,No,Yes,0
52,Female,32588,26,579,2,21848,Single,Undergraduate,Yes,Yes,0
59,Male,141750,26,782,2,25855,Married,Graduate,No,Yes,0
52,Female,121678,1,410,1,23211,Married,Graduate,No,No,0
24,Female,124734,8,438,0,30095,Single,Graduate,Yes,No,0
50,Female,138154,15,734,4,43724,Married,Graduate,No,No,1
57,Female,72233,12,808,2,42583,Single,Graduate,No,No,1
43,Female,64738,8,572,2,7843,Married,Undergraduate,No,Yes,0
59,Female,53397,19,398,4,34301,Single,Graduate,No,Yes,0
35,Male,102189,3,403,5,31460,Married,Graduate,Yes,Yes,0
49,Female,96367,21,513,5,36918,Married,Graduate,No,Yes,0
56,Female,144873,9,464,0,33747,Single,Undergraduate,No,Yes,0
33,Female,91260,25,819,1,20972,Married,Undergraduate,No,Yes,0
52,Male,140585,25,583,2,33310,Single,Graduate,Yes,No,0
27,Female,96619,21,816,1,27927,Single,Graduate,No,No,1
42,Male,131453,11,463,5,6094,Single,Undergraduate,Yes,Yes,0
48,Female,39816,16,363,5,43892,Single,Undergraduate,No,No,0
22,Male,62240,13,390,3,39172,Single,Undergraduate,No,Yes,0
26,Male,26276,13,416,0,28324,Married,Graduate,No,Yes,0
48,Female,133939,24,566,3,25674,Married,Graduate,Yes,No,0
48,Female,124199,1,858,3,8982,Married,Undergraduate,Yes,Yes,0
40,Male,99530,20,439,3,20790,Single,Graduate,Yes,Yes,0
50,Female,43499,24,545,0,17205,Married,Undergraduate,Yes,Yes,0
31,Male,108576,19,694,0,29338,Married,Undergraduate,Yes,No,1
48,Male,128856,10,786,4,17748,Married,Undergraduate,Yes,No,1
45,Male,102495,15,775,1,26097,Married,Graduate,No,No,1
59,Male,141717,18,816,1,8092,Married,Undergraduate,Yes,No,1
53,Male,91635,22,483,4,27692,Single,Undergraduate,No,Yes,0
21,Female,127803,5,319,4,28862,Single,Graduate,Yes,No,0
47,Male,105112,23,857,5,29860,Married,Undergraduate,Yes,No,1
33,Male,55946,18,823,3,18971,Single,Graduate,Yes,No,1
23,Female,75204,4,881,4,19616,Single,Undergraduate,No,Yes,0
59,Male,71886,25,828,2,9933,Married,Graduate,Yes,No,1
26,Female,91652,3,446,1,9926,Married,Undergraduate,Yes,No,0
28,Female,35563,14,603,4,30763,Single,Undergraduate,No,Yes,0
47,Female,112324,28,881,2,8969,Married,Undergraduate,No,Yes,0
29,Male,112464,3,527,2,40733,Single,Undergraduate,No,Yes,0
57,Male,121872,19,401,2,9319,Single,Undergraduate,No,Yes,0
53,Male,29847,9,886,5,46743,Married,Graduate,Yes,No,0
44,Female,46155,23,716,5,44876,Single,Graduate,No,Yes,0
35,Male,99671,21,515,2,46909,Single,Undergraduate,Yes,No,0
52,Female,136891,2,706,5,25323,Single,Undergraduate,Yes,No,1
52,Male,103310,25,698,3,21428,Married,Undergraduate,No,No,1
44,Female,87278,4,798,2,39578,Married,Graduate,Yes,No,1
32,Male,38309,5,764,3,25950,Married,Graduate,No,No,0
59,Male,20619,20,381,3,48041,Married,Undergraduate,Yes,Yes,0
22,Male,103194,21,664,2,46789,Single,Graduate,No,No,1
23,Female,70108,7,462,1,23293,Married,Undergraduate,No,No,0
57,Female,54707,6,347,2,11364,Married,Undergraduate,No,No,0
37,Male,40337,20,810,2,40349,Married,Undergraduate,No,Yes,0
22,Male,145261,9,628,5,5691,Married,Graduate,No,No,0
22,Female,101537,5,415,2,35062,Single,Undergraduate,No,No,0
48,Female,86504,13,636,1,5931,Single,Undergraduate,Yes,Yes,0
43,Female,67614,3,446,5,36730,Single,Undergraduate,Yes,No,0
57,Male,111428,27,874,0,19226,Married,Graduate,Yes,No,1
52,Female,111155,24,622,0,18861,Married,Graduate,No,Yes,0
53,Male,20281,12,742,3,36301,Single,Graduate,Yes,No,0
21,Female,47420,19,312,3,27766,Married,Undergraduate,No,No,0
39,Male,100896,16,793,1,41174,Married,Graduate,Yes,No,1
22,Female,59030,22,586,4,46107,Single,Undergraduate,Yes,No,0
46,Female,21058,6,413,0,22695,Single,Graduate,No,No,0
52,Female,106213,3,779,3,46347,Married,Undergraduate,Yes,Yes,0
26,Female,96260,28,321,0,8121,Married,Graduate,Yes,Yes,0
52,Female,48404,13,648,1,23257,Married,Undergraduate,Yes,Yes,0
24,Male,123482,2,865,1,33164,Single,Graduate,No,No,1
31,Female,125284,23,619,4,30491,Single,Graduate,Yes,No,0
37,Female,49856,4,425,4,28165,Single,Graduate,No,No,0
58,Female,29200,15,576,5,8748,Single,Undergraduate,Yes,Yes,0
44,Male,84178,25,503,1,38045,Married,Graduate,Yes,No,0
25,Female,53997,22,493,3,31553,Single,Graduate,Yes,No,0
54,Male,45611,19,846,0,49331,Single,Graduate,Yes,No,0
26,Female,139273,3,585,2,35497,Married,Graduate,No,Yes,0
42,Female,61235,23,356,4,36308,Married,Undergraduate,Yes,Yes,0
31,Male,137428,29,602,2,44560,Married,Graduate,No,No,0
36,Female,55057,23,462,3,15374,Single,Undergraduate,No,No,0
53,Male,21239,1,318,4,9675,Married,Undergraduate,Yes,No,0
29,Male,123674,29,669,2,6170,Married,Undergraduate,Yes,Yes,0
26,Female,134474,17,563,3,46449,Single,Undergraduate,No,Yes,0
36,Male,85661,18,412,0,48485,Single,Graduate,No,Yes,0
49,Female,146945,27,787,3,17450,Married,Undergraduate,Yes,No,1
23,Female,65272,27,626,5,15680,Single,Undergraduate,Yes,Yes,0
40,Male,109393,18,841,4,15068,Married,Undergraduate,Yes,No,1
56,Male,81212,16,878,1,40230,Married,Undergraduate,Yes,No,1
39,Male,144088,13,364,0,31206,Single,Graduate,Yes,Yes,0
46,Male,35398,18,591,2,5287,Married,Graduate,No,No,0
23,Female,140030,21,324,4,27337,Single,Undergraduate,Yes,Yes,0
39,Female,76503,23,848,1,25666,Single,Undergraduate,Yes,No,1
40,Male,26638,12,300,3,6161,Single,Undergraduate,No,No,0
52,Female,26570,11,848,1,40131,Married,Graduate,Yes,Yes,0
27,Female,88785,29,440,4,29535,Single,Graduate,Yes,No,0
53,Female,29110,25,487,4,37528,Single,Graduate,No,No,0
59,Female,125899,5,427,5,43751,Married,Graduate,Yes,No,0
38,Male,99141,20,500,5,21527,Married,Graduate,No,No,0
21,Male,32115,3,426,1,45975,Married,Undergraduate,Yes,No,0
31,Female,59062,18,556,3,28853,Married,Graduate,Yes,No,0
48,Male,42911,15,846,1,19758,Single,Graduate,Yes,No,0
45,Male,124061,12,493,4,5244,Single,Undergraduate,No,No,0
43,Male,52556,3,403,4,8178,Single,Graduate,No,Yes,0
51,Female,98131,29,834,2,36831,Married,Graduate,No,Yes,0
50,Female,148335,22,564,5,7176,Married,Graduate,No,No,0
55,Female,21969,16,683,2,42770,Single,Undergraduate,Yes,No,0
27,Male,63753,22,559,0,38654,Married,Graduate,No,Yes,0
36,Female,102811,0,713,4,31627,Married,Undergraduate,No,No,1
46,Female,24470,17,657,2,49910,Single,Undergraduate,No,Yes,0
22,Male,141863,19,374,1,29881,Single,Graduate,Yes,Yes,0
21,Female,30225,16,654,5,40422,Married,Graduate,Yes,Yes,0
32,Female,127860,26,883,5,16984,Married,Graduate,No,No,1
25,Male,143008,27,487,3,28776,Married,Graduate,No,No,0
57,Male,127510,26,589,1,22755,Single,Undergraduate,Yes,No,0
52,Male,128295,14,344,3,12135,Single,Graduate,No,Yes,0
29,Female,43196,10,872,2,5320,Single,Undergraduate,No,Yes,0
55,Female,125823,24,382,0,42422,Single,Undergraduate,No,Yes,0
39,Female,33669,27,422,1,33635,Single,Undergraduate,No,No,0
36,Male,57380,21,657,1,26684,Married,Undergraduate,Yes,Yes,0
23,Male,144398,12,827,1,28238,Married,Undergraduate,Yes,Yes,0
40,Female,130677,0,365,3,26889,Married,Graduate,Yes,No,0
44,Female,135886,16,674,2,35313,Single,Undergraduate,No,Yes,0
53,Male,146753,5,461,1,37535,Single,Undergraduate,No,Yes,0
44,Male,68320,3,679,1,15770,Single,Graduate,Yes,No,1
31,Male,67414,19,657,5,44321,Married,Graduate,Yes,No,1
28,Male,123542,15,487,0,25426,Single,Undergraduate,Yes,Yes,0
56,Female,35577,14,621,5,49327,Single,Undergraduate,No,No,0
58,Male,145354,26,749,5,46777,Married,Graduate,Yes,Yes,0
40,Female,108009,14,773,0,12498,Single,Undergraduate,No,No,1
55,Female,146365,5,312,2,44404,Married,Graduate,No,Yes,0
45,Female,75409,14,483,5,45130,Single,Graduate,Yes,No,0
55,Male,48625,13,410,2,21395,Single,Undergraduate,Yes,Yes,0
45,Male,101040,27,807,5,7537,Married,Graduate,No,No,1
49,Male,44089,10,589,4,24226,Married,Undergraduate,Yes,No,0
38,Male,56487,6,594,0,20216,Married,Undergraduate,Yes,No,0
38,Female,85838,8,750,5,23613,Married,Undergraduate,No,No,1
22,Male,116999,25,514,4,8009,Married,Graduate,No,No,0
55,Male,130448,15,866,3,29368,Married,Undergraduate,No,No,1
36,Female,114795,4,326,4,34327,Single,Graduate,No,No,0
56,Male,70138,24,530,1,19209,Single,Undergraduate,No,Yes,0
53,Female,62823,19,864,5,20029,Married,Undergraduate,Yes,Yes,0
24,Female,57208,28,620,4,7077,Single,Graduate,No,No,0
53,Female,74061,9,532,2,18907,Married,Undergraduate,No,No,0
34,Female,50659,17,736,3,41635,Single,Undergraduate,No,Yes,0
41,Female,149824,2,832,5,9873,Married,Graduate,Yes,Yes,0
40,Female,121376,12,702,1,13635,Single,Graduate,No,No,1
28,Female,51890,10,352,4,38065,Single,Graduate,No,Yes,0
27,Female,99134,16,612,3,46804,Single,Undergraduate,No,Yes,0
23,Male,67055,29,580,5,38783,Single,Graduate,Yes,No,0
37,Male,132269,29,330,3,39152,Single,Graduate,No,No,0
53,Male,39508,21,636,1,46513,Married,Undergraduate,No,No,0
32,Male,62287,12,482,4,34092,Married,Graduate,No,Yes,0
42,Female,98916,5,322,3,22653,Married,Undergraduate,Yes,No,0
42,Male,46984,16,843,3,37463,Single,Undergraduate,Yes,No,0
50,Female,130169,26,745,0,39028,Married,Graduate,Yes,Yes,0
58,Male,28125,12,373,3,45469,Single,Undergraduate,Yes,No,0
58,Male,56059,18,309,0,25947,Single,Graduate,No,Yes,0
28,Male,89569,20,783,4,34978,Single,Graduate,No,Yes,0
47,Female,123409,18,755,5,27056,Married,Graduate,Yes,Yes,0
47,Male,37087,9,865,5,34007,Single,Graduate,Yes,Yes,0
54,Female,126437,2,863,4,48169,Married,Undergraduate,No,Yes,0
41,Female,135262,13,459,4,49632,Married,Undergraduate,No,Yes,0
50,Male,25704,25,313,2,10543,Single,Graduate,Yes,No,0
53,Male,80576,18,477,4,26067,Single,Graduate,Yes,No,0
48,Male,93384,4,711,3,30097,Married,Undergraduate,Yes,No,1
53,Female,107128,28,352,5,47847,Married,Graduate,Yes,Yes,0
25,Male,131279,4,707,1,48512,Married,Undergraduate,No,No,1
39,Female,92460,19,321,5,8809,Married,Graduate,Yes,Yes,0
24,Female,47208,16,329,0,27191,Married,Undergraduate,Yes,No,0
55,Male,138516,20,559,5,26267,Married,Undergraduate,No,Yes,0
37,Male,149612,9,504,2,12206,Single,Undergraduate,No,No,0
48,Female,105150,4,358,4,26057,Married,Graduate,No,Yes,0
50,Female,86024,3,770,4,33992,Married,Graduate,No,No,1
49,Female,59882,5,765,5,20995,Married,Graduate,No,Yes,0
26,Male,45923,25,311,1,49439,Married,Graduate,Yes,No,0
55,Female,146561,3,589,1,18210,Single,Graduate,Yes,Yes,0
57,Male,134044,29,653,2,22793,Single,Undergraduate,Yes,No,1
44,Female,121477,6,374,0,31270,Married,Undergraduate,No,No,0
49,Female,49165,6,860,5,10197,Married,Undergraduate,Yes,No,0
51,Male,87203,17,890,4,12452,Married,Undergraduate,No,Yes,0
55,Female,111749,2,740,5,46486,Single,Undergraduate,Yes,Yes,0
53,Male,24114,0,540,2,19859,Single,Undergraduate,Yes,Yes,0
41,Male,84965,23,453,3,32236,Single,Undergraduate,No,Yes,0
52,Female,56321,24,395,3,36899,Single,Graduate,No,Yes,0
43,Male,93297,3,593,2,37083,Single,Undergraduate,Yes,No,0
53,Male,116652,5,508,4,7172,Single,Graduate,Yes,Yes,0
23,Female,119304,8,642,2,21663,Married,Undergraduate,Yes,No,0
38,Male,133942,21,387,4,32540,Single,Undergraduate,Yes,No,0
45,Male,45426,13,689,1,24053,Single,Graduate,Yes,Yes,0
51,Male,37772,27,624,2,16085,Married,Undergraduate,No,No,0
23,Female,123754,11,456,4,35564,Single,Graduate,No,Yes,0
44,Male,23712,27,876,2,29209,Married,Undergraduate,No,Yes,0
52,Female,21367,24,436,2,8981,Single,Graduate,No,Yes,0
42,Female,126493,19,727,4,26153,Married,Undergraduate,Yes,No,1
43,Male,127317,23,751,4,10247,Married,Graduate,Yes,Yes,0
22,Male,135142,24,440,0,15553,Married,Graduate,No,Yes,0
47,Male,111736,3,382,2,25811,Married,Undergraduate,Yes,Yes,0
22,Female,71924,20,476,3,34845,Married,Undergraduate,No,No,0
46,Male,23726,29,497,2,11135,Single,Graduate,Yes,Yes,0
37,Male,109152,23,867,2,10573,Single,Undergraduate,Yes,No,1
53,Male,47723,11,720,4,18731,Married,Graduate,Yes,No,0
29,Male,146969,9,700,2,12189,Married,Undergraduate,No,Yes,0
59,Male,123110,29,770,5,19541,Married,Graduate,No,No,1
49,Female,120494,21,517,2,48646,Single,Undergraduate,No,No,0
46,Female,29108,27,474,5,16087,Married,Graduate,No,Yes,0
55,Male,97714,6,322,3,7776,Married,Undergraduate,Yes,Yes,0
45,Male,55643,2,534,4,47079,Married,Graduate,Yes,Yes,0
44,Male,51324,22,312,2,32564,Married,Graduate,Yes,No,0
33,Male,123896,27,400,5,33835,Single,Undergraduate,Yes,Yes,0
27,Female,103360,13,835,5,12697,Married,Undergraduate,No,No,1
56,Male,130896,23,822,5,19629,Married,Graduate,Yes,No,1
40,Female,28927,9,751,1,13386,Single,Graduate,Yes,No,0
21,Female,113680,15,730,0,22046,Married,Graduate,Yes,No,1
28,Male,116546,15,832,3,13044,Married,Graduate,No,No,1
36,Female,42443,21,592,2,14615,Single,Undergraduate,No,Yes,0
34,Female,99973,9,400,1,10060,Single,Graduate,No,Yes,0
32,Female,83449,24,801,2,15900,Single,Graduate,Yes,No,1
43,Female,129834,12,603,2,10581,Married,Graduate,No,No,0
35,Male,125314,5,839,4,39782,Married,Undergraduate,Yes,Yes,0
48,Male,96743,11,852,4,25173,Single,Graduate,Yes,Yes,0
54,Female,141805,8,654,4,17997,Single,Undergraduate,Yes,No,1
22,Male,80233,12,602,1,48403,Single,Undergraduate,No,No,0
52,Male,45537,3,795,2,12148,Married,Undergraduate,No,Yes,0
43,Male,121293,23,526,0,23748,Married,Undergraduate,Yes,Yes,0
42,Male,97576,10,535,3,19022,Single,Undergraduate,Yes,No,0
45,Male,127522,19,754,4,25013,Married,Undergraduate,No,Yes,0
42,Female,42612,17,312,4,43687,Single,Undergraduate,No,Yes,0
42,Male,113977,25,509,2,20886,Married,Graduate,No,No,0
26,Male,26471,10,696,2,30256,Married,Graduate,Yes,No,0
35,Male,55631,24,399,1,35005,Married,Undergraduate,Yes,No,0
57,Male,148449,20,330,1,11638,Married,Graduate,Yes,Yes,0
53,Female,128997,3,827,4,42419,Single,Graduate,No,No,1
28,Female,112059,17,628,2,38377,Married,Undergraduate,No,Yes,0
25,Female,51348,0,465,0,45708,Married,Graduate,No,No,0
59,Female,84732,26,758,3,48116,Single,Undergraduate,Yes,No,1
24,Male,21177,6,399,2,41634,Married,Graduate,Yes,Yes,0
26,Female,24760,5,472,2,21755,Single,Undergraduate,No,Yes,0
52,Male,52779,14,461,5,28382,Single,Undergraduate,Yes,No,0
50,Male,41636,17,562,1,27394,Married,Graduate,No,No,0
55,Male,101889,23,573,3,7253,Married,Graduate,Yes,Yes,0
36,Male,73551,10,302,4,42710,Single,Undergraduate,No,No,0
33,Male,31556,19,327,2,5864,Single,Undergraduate,Yes,Yes,0
50,Female,47598,23,625,4,39036,Single,Undergraduate,Yes,Yes,0
39,Female,31563,14,448,2,45222,Married,Graduate,No,No,0
37,Female,66819,15,839,4,18666,Single,Graduate,No,Yes,0
39,Female,129326,6,787,3,25955,Single,Graduate,No,Yes,0
48,Male,93770,20,737,1,42997,Single,Graduate,No,Yes,0
46,Female,111055,9,364,3,21309,Married,Undergraduate,No,No,0
57,Male,46966,25,655,5,9054,Single,Undergraduate,Yes,Yes,0
46,Female,140133,11,832,0,5935,Married,Undergraduate,No,No,1
43,Male,101709,23,551,1,49940,Married,Undergraduate,No,No,0
29,Male,79889,13,534,3,27778,Single,Graduate,No,No,0
32,Female,46987,24,526,5,48298,Married,Undergraduate,Yes,Yes,0
21,Male,98714,4,824,0,21709,Single,Undergraduate,No,Yes,0
21,Male,124874,25,612,5,14726,Married,Graduate,No,No,0
54,Female,78348,20,348,2,45542,Married,Graduate,No,No,0
52,Male,44596,17,417,2,25245,Single,Undergraduate,Yes,Yes,0
45,Female,53174,4,353,4,39753,Single,Graduate,Yes,No,0
21,Female,84106,2,864,1,19252,Single,Undergraduate,No,No,1
36,Female,127510,22,343,2,26316,Married,Graduate,Yes,Yes,0
59,Male,89967,25,352,5,42371,Married,Graduate,No,No,0
25,Male,79182,4,885,1,24162,Single,Undergraduate,Yes,Yes,0
42,Male,113300,23,857,2,20960,Single,Graduate,No,Yes,0
49,Female,107163,16,824,4,35791,Married,Undergraduate,Yes,No,1
23,Male,59310,18,401,3,47230,Married,Graduate,No,Yes,0
32,Female,76088,18,697,4,30216,Married,Graduate,No,Yes,0
46,Female,148803,24,437,0,37467,Single,Graduate,Yes,Yes,0
36,Male,28906,20,686,2,12754,Married,Graduate,No,No,0
57,Female,56914,11,410,0,9078,Single,Graduate,No,No,0
42,Male,130350,24,316,0,17853,Married,Undergraduate,No,No,0
49,Male,65379,28,481,5,9042,Married,Graduate,No,Yes,0
34,Male,98612,8,835,1,19389,Single,Undergraduate,Yes,Yes,0
48,Male,134828,0,840,5,35425,Single,Graduate,No,No,1
25,Male,147445,17,470,2,7575,Single,Undergraduate,Yes,No,0
50,Female,57650,20,708,0,44522,Married,Graduate,Yes,Yes,0
25,Female,66881,3,677,3,33179,Married,Undergraduate,Yes,No,1
32,Female,66413,9,487,0,39754,Married,Undergraduate,Yes,No,0
36,Male,26012,24,529,3,23624,Single,Graduate,No,No,0
46,Male,70115,6,418,5,25350,Married,Graduate,No,No,0
46,Male,27151,21,455,5,31681,Single,Graduate,Yes,No,0
41,Female,77716,22,764,1,28988,Single,Undergraduate,No,Yes,0
59,Male,113747,0,403,0,20470,Single,Undergraduate,Yes,No,0
56,Female,112653,16,801,4,29704,Married,Graduate,No,No,1
53,Female,56378,23,474,5,43736,Married,Graduate,No,Yes,0
50,Male,62652,28,720,5,34377,Single,Undergraduate,No,Yes,0
57,Male,92430,28,433,1,33572,Married,Undergraduate,Yes,Yes,0
43,Female,33467,1,690,3,12493,Single,Graduate,Yes,Yes,0
30,Male,51010,27,800,1,9103,Single,Undergraduate,No,No,1
25,Female,148647,25,332,0,39844,Married,Graduate,Yes,No,0
56,Male,141999,10,354,2,7994,Single,Graduate,Yes,No,0
54,Male,134793,8,818,2,8744,Single,Graduate,No,No,1
51,Female,74691,6,311,3,32332,Married,Undergraduate,Yes,Yes,0
30,Male,84157,21,827,5,10594,Single,Undergraduate,No,Yes,0
39,Female,128177,16,854,3,45299,Single,Undergraduate,No,No,1
52,Male,32289,16,672,5,12371,Single,Undergraduate,No,No,0
21,Female,64976,1,783,5,23028,Single,Graduate,Yes,No,1
25,Female,63596,5,527,2,40912,Single,Undergraduate,No,No,0
24,Male,43171,13,606,3,18990,Single,Graduate,No,Yes,0
36,Female,120441,5,756,1,21626,Single,Graduate,Yes,No,1
44,Male,146296,1,459,5,25469,Married,Graduate,Yes,Yes,0
36,Male,106365,0,630,4,45722,Married,Undergraduate,Yes,Yes,0
22,Male,138218,9,524,4,45037,Single,Graduate,Yes,Yes,0
48,Female,119590,20,803,1,12130,Single,Graduate,No,Yes,0
52,Female,134014,4,755,4,11828,Married,Undergraduate,Yes,No,1
47,Male,64139,1,344,0,46612,Married,Graduate,Yes,No,0
40,Male,68713,21,513,5,44099,Married,Undergraduate,Yes,No,0
44,Female,49734,15,358,1,22883,Married,Undergraduate,Yes,No,0
32,Male,92588,24,494,3,48059,Married,Undergraduate,No,Yes,0
55,Male,83646,1,788,5,23542,Single,Graduate,Yes,Yes,0
53,Female,23654,9,456,1,47932,Married,Undergraduate,No,Yes,0
53,Male,109022,1,525,2,15450,Married,Undergraduate,Yes,No,0
57,Female,38743,15,711,3,25423,Married,Undergraduate,No,Yes,0
32,Male,68368,15,504,2,7035,Single,Undergraduate,No,Yes,0
23,Female,110025,18,378,5,49231,Single,Graduate,Yes,Yes,0
21,Male,94172,28,423,3,45745,Single,Undergraduate,No,Yes,0
53,Male,26441,6,770,4,22241,Single,Graduate,Yes,No,0
30,Female,139735,21,517,1,28154,Single,Undergraduate,No,Yes,0
49,Male,44611,11,815,5,30625,Single,Graduate,No,Yes,0
33,Female,139891,23,403,0,49950,Married,Undergraduate,No,No,0
32,Male,127971,14,692,3,38066,Single,Graduate,Yes,No,1
51,Female,32149,7,733,3,38691,Single,Undergraduate,No,No,0
22,Female,120102,5,630,5,18331,Married,Graduate,Yes,Yes,0
55,Female,79189,27,442,5,25690,Single,Graduate,No,Yes,0
43,Female,127904,26,839,2,24183,Married,Graduate,No,Yes,0
37,Male,41675,9,577,4,44346,Married,Undergraduate,No,Yes,0
46,Male,91031,2,532,2,9875,Single,Graduate,No,No,0
28,Female,62668,18,828,2,17254,Married,Graduate,No,Yes,0
49,Female,33673,16,870,4,33621,Married,Graduate,No,Yes,0
46,Female,149582,6,389,0,15905,Married,Graduate,Yes,No,0
30,Male,96666,20,791,2,20882,Married,Undergraduate,Yes,No,1
46,Male,108204,19,498,2,24041,Single,Graduate,Yes,No,0
54,Male,100758,25,661,3,34098,Married,Graduate,No,Yes,0
27,Male,85429,3,740,4,47431,Single,Graduate,Yes,Yes,0
24,Female,43669,13,325,1,38709,Married,Undergraduate,No,Yes,0
31,Female,54068,19,324,0,39675,Married,Graduate,Yes,Yes,0
49,Female,108789,21,693,0,9837,Married,Graduate,Yes,Yes,0
56,Male,29435,14,806,4,29489,Single,Graduate,No,No,0
45,Male,114088,23,600,5,22627,Single,Graduate,No,No,0
41,Male,72249,7,638,5,10696,Single,Undergraduate,Yes,Yes,0
56,Female,57384,20,566,3,18543,Married,Graduate,Yes,Yes,0
30,Female,148782,14,760,3,17615,Married,Graduate,Yes,Yes,0
57,Male,101929,21,755,4,6466,Married,Undergraduate,Yes,Yes,0
29,Female,147959,19,659,3,35771,Married,Undergraduate,No,Yes,0
44,Male,96153,27,367,0,23350,Single,Undergraduate,Yes,No,0
55,Male,124056,13,711,0,5375,Married,Graduate,No,No,1
55,Female,95388,26,790,1,38030,Single,Undergraduate,No,No,1
56,Male,51401,28,348,5,25746,Married,Graduate,Yes,Yes,0
38,Female,145511,8,863,4,27886,Single,Undergraduate,No,Yes,0
59,Male,91831,7,401,2,49348,Single,Graduate,Yes,No,0
52,Female,139503,25,515,5,47904,Married,Undergraduate,No,No,0
44,Female,135760,27,737,2,37651,Married,Graduate,No,Yes,0
43,Female,121529,25,868,1,12833,Single,Undergraduate,Yes,No,1
52,Male,147834,16,858,1,6893,Married,Graduate,No,No,1
57,Male,54084,1,458,3,35573,Married,Graduate,No,Yes,0
32,Female,140387,24,788,1,36371,Single,Graduate,Yes,No,1
33,Female,130641,23,541,1,45874,Single,Graduate,No,No,0
43,Male,125111,29,304,2,16826,Single,Graduate,No,No,0
45,Male,75826,2,895,3,39420,Single,Graduate,Yes,Yes,0
55,Male,56451,7,660,1,26924,Married,Graduate,Yes,No,1
50,Female,27227,11,758,5,38367,Single,Graduate,No,No,0
37,Male,51910,0,547,1,26199,Single,Undergraduate,No,No,0
40,Male,56041,9,865,3,30868,Single,Graduate,No,Yes,0
45,Female,108920,19,721,4,13792,Married,Graduate,Yes,Yes,0
42,Male,85681,2,314,3,25597,Single,Undergraduate,No,No,0
33,Male,123314,5,872,2,41405,Married,Graduate,No,Yes,0
39,Male,101571,6,421,4,37696,Single,Undergraduate,No,No,0
56,Female,85481,19,576,5,48123,Single,Graduate,No,Yes,0
32,Female,88576,22,857,0,20989,Married,Undergraduate,No,Yes,0
39,Female,127958,24,752,3,33931,Single,Undergraduate,No,No,1
32,Female,149265,26,689,2,14290,Single,Graduate,Yes,No,1
29,Female,147556,17,593,5,43367,Married,Undergraduate,Yes,No,0
27,Female,84174,10,873,4,19342,Single,Graduate,No,Yes,0
48,Female,46160,18,897,5,29941,Single,Graduate,No,No,0
34,Male,135170,4,745,3,18945,Single,Graduate,Yes,Yes,0
51,Male,137867,18,509,1,15762,Single,Graduate,Yes,Yes,0
39,Female,37633,10,889,3,35133,Married,Undergraduate,Yes,No,0
36,Male,114880,23,601,0,45150,Single,Graduate,No,Yes,0
25,Male,37014,11,522,3,32052,Married,Undergraduate,No,No,0
55,Female,100532,9,302,4,46750,Single,Undergraduate,No,Yes,0
32,Male,69104,7,817,4,24953,Married,Graduate,No,No,1
45,Male,61621,23,392,3,45475,Single,Graduate,Yes,Yes,0
41,Male,97231,27,819,4,22130,Married,Graduate,Yes,Yes,0
56,Male,88388,27,727,1,36086,Single,Graduate,Yes,No,1
43,Male,36014,8,792,5,9633,Married,Undergraduate,Yes,Yes,0
36,Female,112578,3,534,3,22304,Married,Graduate,No,No,0
59,Female,53755,4,460,1,47037,Single,Undergraduate,No,Yes,0
59,Female,60390,20,630,5,37284,Married,Graduate,Yes,Yes,0
34,Male,43711,7,632,5,12008,Single,Graduate,Yes,Yes,0
51,Female,111658,22,349,1,32405,Single,Graduate,Yes,No,0
25,Male,77993,8,822,2,41386,Single,Graduate,Yes,No,1
55,Male,94696,14,791,3,30373,Single,Undergraduate,Yes,No,1
43,Male,47213,14,881,5,25827,Single,Undergraduate,No,No,0
49,Male,135788,15,571,5,38040,Married,Graduate,No,No,0
31,Female,124956,13,879,4,18007,Single,Undergraduate,Yes,Yes,0
38,Female,77784,7,551,5,23157,Single,Undergraduate,Yes,Yes,0
32,Male,27421,17,859,1,37157,Single,Graduate,Yes,No,0
29,Female,106936,9,389,5,40315,Single,Graduate,No,Yes,0
30,Male,119073,27,745,2,40932,Single,Undergraduate,No,Yes,0
37,Female,37727,19,631,3,26164,Single,Undergraduate,No,Yes,0
58,Female,132418,5,438,3,19414,Married,Undergraduate,Yes,Yes,0
27,Male,24358,11,656,5,19327,Married,Undergraduate,No,No,0
33,Female,85108,1,573,0,5946,Single,Graduate,Yes,Yes,0
29,Male,146609,6,318,0,19693,Married,Graduate,No,No,0
47,Female,114018,15,610,1,32241,Single,Undergraduate,No,No,0
22,Male,144457,2,453,0,35254,Single,Graduate,No,Yes,0
25,Male,52117,12,689,1,20540,Single,Undergraduate,Yes,No,1
49,Female,108700,2,559,4,11719,Single,Undergraduate,Yes,Yes,0
57,Female,51910,26,870,1,46203,Single,Graduate,No,Yes,0
58,Male,146888,17,424,0,30081,Married,Undergraduate,Yes,Yes,0
39,Female,118032,10,653,5,16350,Married,Undergraduate,Yes,No,1
28,Female,75754,7,572,4,41358,Married,Graduate,Yes,No,0
21,Male,82438,5,544,0,37021,Married,Graduate,Yes,No,0
42,Male,129847,0,749,1,47832,Single,Undergraduate,Yes,Yes,0
37,Female,49371,27,546,2,33369,Married,Undergraduate,Yes,Yes,0
27,Male,71501,0,819,3,36728,Single,Graduate,Yes,Yes,0
45,Male,80946,22,440,0,22576,Married,Undergraduate,No,No,0
24,Male,58467,7,661,1,34001,Married,Undergraduate,Yes,Yes,0
56,Female,37625,4,307,4,22848,Married,Graduate,Yes,Yes,0
26,Female,53893,27,777,0,5390,Married,Graduate,No,No,1
51,Male,96329,15,651,0,26999,Single,Graduate,No,No,1
39,Female,51007,10,794,3,16569,Married,Graduate,No,No,1
59,Male,111302,4,726,1,18029,Married,Graduate,No,Yes,0
47,Female,59532,3,338,2,27490,Single,Graduate,Yes,Yes,0
30,Male,74253,29,892,4,40328,Single,Undergraduate,No,Yes,0
46,Male,32323,5,486,1,10867,Married,Undergraduate,No,No,0
39,Female,131335,13,895,4,20284,Single,Graduate,Yes,No,1
59,Male,132356,21,899,0,38979,Single,Graduate,Yes,No,1
23,Female,130944,18,392,3,14121,Single,Undergraduate,Yes,No,0
33,Female,93379,8,385,3,6539,Married,Undergraduate,No,Yes,0
48,Male,34210,11,343,5,30488,Single,Undergraduate,Yes,Yes,0
40,Male,36456,10,436,2,22027,Married,Graduate,No,Yes,0
48,Female,51367,13,720,3,13693,Married,Graduate,Yes,Yes,0
28,Male,74624,22,373,0,13921,Married,Undergraduate,Yes,Yes,0
59,Male,30106,15,847,2,15310,Married,Graduate,No,Yes,0
21,Male,123493,0,811,1,35908,Single,Graduate,Yes,Yes,0
23,Male,88008,12,455,3,9386,Married,Graduate,Yes,Yes,0
33,Male,145926,22,554,2,37263,Single,Undergraduate,Yes,No,0
48,Female,135395,20,470,0,33412,Married,Undergraduate,Yes,No,0
45,Female,136492,20,469,5,22303,Single,Graduate,Yes,Yes,0
53,Male,92240,29,621,4,17242,Married,Graduate,No,No,0
58,Male,84315,12,866,4,13947,Single,Graduate,No,Yes,0
26,Male,89249,1,755,0,10930,Married,Graduate,Yes,Yes,0
52,Female,90587,3,454,0,43170,Married,Graduate,No,No,0
41,Male,30756,27,648,4,5507,Single,Undergraduate,No,Yes,0
36,Female,88011,5,750,5,6436,Married,Graduate,No,Yes,0
41,Female,56378,25,472,2,32151,Married,Graduate,Yes,Yes,0
31,Female,24255,26,309,4,16618,Married,Graduate,Yes,Yes,0
57,Male,34484,22,564,0,13750,Single,Undergraduate,Yes,Yes,0
56,Female,145703,26,737,3,21122,Married,Undergraduate,No,Yes,0
55,Male,76549,4,546,1,12354,Married,Graduate,No,Yes,0
39,Female,54503,24,845,5,49062,Single,Undergraduate,Yes,No,1
40,Male,144465,2,798,5,35979,Single,Undergraduate,Yes,No,1
38,Female,93794,0,428,3,25900,Single,Undergraduate,No,Yes,0
34,Male,145941,3,626,3,18840,Single,Undergraduate,No,No,0
35,Female,126283,24,703,0,42167,Single,Undergraduate,Yes,Yes,0
51,Male,120732,19,658,4,10037,Married,Undergraduate,No,Yes,0
21,Male,65113,1,316,2,33633,Married,Graduate,No,Yes,0
23,Male,125730,25,573,5,29495,Married,Undergraduate,No,Yes,0
36,Male,94069,29,415,5,20848,Single,Undergraduate,No,No,0
43,Female,118117,29,390,3,41483,Married,Graduate,No,No,0
31,Female,25249,4,381,4,12837,Single,Graduate,No,No,0
32,Male,145654,2,623,5,39069,Single,Graduate,No,No,0
30,Female,139979,28,413,2,12370,Married,Graduate,Yes,Yes,0
52,Male,39201,27,357,3,11411,Single,Undergraduate,Yes,No,0
36,Male,145541,28,453,2,44133,Single,Undergraduate,No,Yes,0
28,Female,78576,8,703,4,35499,Married,Undergraduate,No,Yes,0
58,Male,138562,19,565,5,35225,Single,Undergraduate,No,No,0
32,Male,145281,5,614,1,5692,Single,Graduate,Yes,Yes,0
44,Female,29686,17,340,5,33926,Married,Undergraduate,Yes,No,0
48,Male,132413,5,404,4,39246,Single,Undergraduate,No,No,0
28,Male,73363,18,492,5,44164,Single,Graduate,Yes,No,0
48,Male,117543,27,700,5,13448,Married,Undergraduate,No,No,1
56,Male,20661,11,577,0,48390,Married,Undergraduate,No,No,0
46,Female,64843,24,653,5,15073,Married,Undergraduate,No,Yes,0
28,Female,115673,10,879,5,40414,Married,Undergraduate,No,No,1
48,Female,80963,1,555,2,10209,Single,Graduate,No,No,0
48,Male,133092,14,398,1,11533,Single,Graduate,No,Yes,0
57,Male,62828,11,887,2,26061,Married,Graduate,No,No,1
56,Female,68604,11,581,2,12211,Single,Graduate,Yes,No,0
47,Male,30526,8,702,3,14927,Single,Graduate,No,Yes,0
37,Male,88910,20,408,0,16927,Married,Undergraduate,Yes,Yes,0
29,Male,45592,23,498,2,29594,Married,Undergraduate,No,No,0
53,Male,48982,1,602,4,14316,Single,Graduate,No,Yes,0
40,Female,20207,21,626,4,17177,Married,Graduate,Yes,No,0
33,Female,120969,2,453,5,15846,Married,Graduate,Yes,Yes,0
48,Female,137181,11,851,3,12933,Married,Undergraduate,No,No,1
49,Male,108733,27,704,0,43244,Single,Graduate,Yes,No,1
33,Female,118936,29,761,0,45696,Married,Undergraduate,No,No,1
55,Female,144982,25,431,5,7080,Single,Undergraduate,No,Yes,0
26,Male,145839,15,383,4,11089,Single,Undergraduate,Yes,No,0
38,Male,88619,20,698,1,31123,Single,Undergraduate,Yes,Yes,0
25,Female,49328,27,408,3,12797,Married,Graduate,Yes,No,0
45,Female,66479,23,520,5,13346,Married,Undergraduate,Yes,No,0
22,Female,128427,25,852,3,24878,Married,Undergraduate,No,No,1
30,Female,40103,29,667,4,38672,Married,Graduate,Yes,No,0
50,Male,59891,0,446,4,22653,Married,Undergraduate,Yes,No,0
25,Female,30754,20,411,1,47742,Single,Undergraduate,Yes,Yes,0
53,Female,119983,2,857,1,31140,Single,Undergraduate,Yes,Yes,0
21,Male,101437,19,793,0,6184,Single,Graduate,Yes,Yes,0
38,Female,118540,1,804,3,39493,Married,Undergraduate,No,No,1
52,Male,92982,8,774,3,49148,Single,Undergraduate,No,No,1
31,Male,122747,18,570,4,29846,Single,Graduate,Yes,Yes,0
41,Male,75922,14,720,0,27195,Married,Graduate,Yes,No,1
46,Female,68231,17,666,5,10606,Married,Undergraduate,No,No,1
45,Female,49301,25,579,3,8956,Single,Undergraduate,Yes,No,0
42,Male,111652,10,582,0,21555,Single,Graduate,No,Yes,0
47,Female,140787,24,339,0,29849,Married,Undergraduate,No,Yes,0
33,Female,146823,22,488,4,23690,Married,Graduate,Yes,Yes,0
53,Male,82711,15,463,0,31347,Married,Undergraduate,No,Yes,0
54,Male,61323,21,835,1,38189,Married,Graduate,Yes,Yes,0
55,Female,38752,16,835,1,43308,Single,Undergraduate,Yes,No,0
21,Male,117912,4,303,2,30785,Single,Graduate,No,No,0
41,Female,102205,11,589,4,37698,Married,Graduate,No,No,0
26,Female,118452,10,732,5,20966,Single,Graduate,Yes,No,1
48,Female,33395,29,770,2,36097,Single,Graduate,No,Yes,0
37,Female,105957,14,480,1,20882,Married,Graduate,Yes,Yes,0
25,Male,141237,26,547,2,9675,Single,Undergraduate,No,No,0
51,Male,76273,2,578,4,46850,Single,Undergraduate,No,Yes,0
25,Male,147431,0,880,4,18009,Single,Graduate,Yes,No,1
58,Male,111878,19,553,0,32843,Married,Undergraduate,Yes,No,0
23,Female,24895,28,480,3,34793,Married,Undergraduate,Yes,No,0
43,Female,139968,15,808,0,44516,Single,Undergraduate,No,No,1
57,Male,135700,1,865,4,43871,Married,Undergraduate,Yes,Yes,0
57,Female,96559,1,625,1,22857,Married,Undergraduate,Yes,No,0
30,Female,30699,2,656,5,24627,Married,Undergraduate,No,Yes,0
30,Female,85061,7,690,1,23565,Single,Graduate,No,No,1
39,Male,29715,23,384,0,31025,Single,Undergraduate,Yes,No,0
37,Male,39169,27,616,5,32832,Married,Undergraduate,Yes,No,0
41,Male,145436,14,511,4,49116,Single,Undergraduate,Yes,No,0
34,Female,138413,6,814,1,14782,Single,Graduate,Yes,Yes,0
29,Male,36163,5,683,4,43650,Single,Undergraduate,No,No,0
21,Male,139264,8,641,5,27366,Single,Undergraduate,No,Yes,0
33,Male,25782,19,337,5,33557,Single,Undergraduate,Yes,No,0
24,Male,108177,27,810,1,10798,Married,Graduate,Yes,No,1
21,Male,149772,0,719,4,14627,Single,Undergraduate,Yes,No,1
52,Male,144481,7,468,2,46183,Single,Graduate,No,Yes,0
54,Female,104328,22,642,4,17466,Single,Undergraduate,Yes,No,0
48,Female,135028,22,605,5,47614,Married,Graduate,Yes,No,0
51,Male,55585,2,841,4,17720,Married,Graduate,No,No,1
28,Male,50682,3,836,0,46913,Married,Graduate,No,No,1
59,Female,67864,25,411,2,42292,Single,Undergraduate,Yes,No,0
46,Female,149992,24,710,3,11559,Married,Graduate,Yes,Yes,0
54,Male,104416,14,505,0,45388,Married,Graduate,No,Yes,0
23,Male,75114,5,484,3,24158,Married,Graduate,Yes,No,0
32,Male,147810,14,681,1,35916,Married,Graduate,Yes,No,1
21,Male,58067,20,795,3,27057,Single,Undergraduate,No,Yes,0
25,Female,62685,2,678,4,40892,Married,Undergraduate,No,No,1
50,Male,142262,24,346,3,46439,Married,Undergraduate,No,Yes,0
50,Male,38073,20,850,5,16706,Single,Undergraduate,Yes,No,0
37,Male,56035,20,827,0,17070,Single,Graduate,No,No,1
43,Male,84977,13,803,0,45902,Married,Undergraduate,No,Yes,0
35,Female,122710,19,321,3,5924,Single,Graduate,Yes,No,0
57,Female,110373,13,512,0,31478,Married,Undergraduate,Yes,Yes,0
41,Female,103362,3,609,5,10506,Single,Undergraduate,No,Yes,0
34,Male,110517,11,571,0,40163,Single,Undergraduate,No,Yes,0
22,Male,85450,16,870,3,29604,Married,Graduate,Yes,No,1
31,Female,30382,6,501,2,20310,Single,Undergraduate,Yes,Yes,0
59,Male,24437,8,331,2,13226,Married,Undergraduate,No,Yes,0
58,Male,90971,2,742,1,16781,Single,Undergraduate,No,No,1
54,Female,84612,27,461,0,10515,Married,Graduate,Yes,No,0
58,Female,110355,12,553,3,41133,Single,Undergraduate,No,No,0
54,Female,81929,14,820,0,21972,Single,Undergraduate,Yes,No,1
38,Female,122411,17,779,4,37092,Single,Graduate,No,No,1
50,Male,117518,18,309,5,16410,Single,Graduate,Yes,No,0
35,Male,118864,0,804,0,24522,Single,Undergraduate,Yes,Yes,0
47,Female,32329,5,859,0,14095,Married,Undergraduate,No,No,0
54,Male,145605,26,735,2,28047,Single,Undergraduate,No,Yes,0
58,Female,45169,26,410,5,25470,Married,Graduate,Yes,No,0
53,Female,107468,22,452,3,48129,Married,Graduate,No,Yes,0
44,Male,54594,26,401,0,13531,Married,Graduate,No,Yes,0
35,Female,96957,26,490,2,42038,Single,Undergraduate,No,No,0
50,Male,80631,1,862,1,27403,Married,Graduate,Yes,No,1
37,Male,65033,23,380,5,47674,Single,Undergraduate,No,Yes,0
25,Male,83133,13,788,2,34122,Married,Graduate,No,No,1
49,Male,93165,5,387,2,21940,Married,Graduate,Yes,No,0
24,Female,93861,13,493,2,34831,Married,Graduate,No,Yes,0
30,Male,72290,3,403,0,16279,Married,Undergraduate,No,Yes,0
37,Female,114031,20,395,0,43220,Married,Undergraduate,Yes,Yes,0
30,Female,51750,7,722,1,11477,Single,Undergraduate,Yes,No,1
37,Female,115155,29,497,4,22400,Married,Undergraduate,No,No,0
40,Female,60461,2,300,4,11470,Married,Graduate,No,No,0
44,Male,93800,18,706,4,7062,Single,Undergraduate,Yes,No,1
25,Male,98222,29,677,5,46798,Single,Graduate,Yes,Yes,0
54,Female,132020,13,466,5,24880,Single,Undergraduate,No,No,0
26,Female,44226,26,808,1,39581,Married,Undergraduate,No,Yes,0
22,Male,26721,19,612,5,49439,Married,Graduate,No,No,0
33,Female,76154,16,892,4,19308,Married,Graduate,Yes,No,1
31,Male,40609,24,717,4,31027,Married,Undergraduate,No,Yes,0
43,Female,72130,7,776,2,35720,Married,Undergraduate,Yes,No,1
36,Male,92909,23,372,5,40081,Married,Graduate,Yes,No,0
51,Female,124211,13,440,0,14706,Single,Graduate,Yes,Yes,0
31,Female,75249,25,881,0,14837,Single,Graduate,No,No,1
36,Male,68895,5,561,2,43599,Married,Graduate,No,Yes,0
28,Female,114473,22,639,2,41824,Married,Graduate,No,Yes,0
24,Female,25656,21,607,2,38073,Married,Undergraduate,Yes,Yes,0
24,Male,144865,15,544,0,37088,Married,Undergraduate,No,Yes,0
45,Female,94520,24,814,4,33112,Married,Undergraduate,Yes,No,1
23,Male,83740,18,636,2,31299,Single,Undergraduate,Yes,No,0
52,Male,84309,13,874,1,39457,Single,Graduate,Yes,No,1
23,Female,49984,18,860,2,35063,Married,Graduate,Yes,Yes,0
47,Female,138947,2,375,3,8917,Single,Graduate,Yes,No,0
49,Female,93822,9,474,2,7936,Married,Undergraduate,Yes,No,0
52,Female,25901,18,408,0,41630,Married,Graduate,No,No,0
39,Female,51552,8,482,5,19506,Married,Graduate,Yes,No,0
41,Female,111245,27,491,2,33805,Single,Undergraduate,No,Yes,0
25,Female,51055,19,364,5,19318,Single,Undergraduate,Yes,Yes,0
38,Male,57685,12,773,3,31026,Married,Undergraduate,No,No,1
48,Female,93965,6,399,1,32672,Single,Graduate,No,Yes,0
42,Male,34716,13,843,5,43417,Single,Graduate,No,No,0
41,Female,134099,8,427,4,32281,Married,Undergraduate,No,No,0
26,Female,31138,26,751,2,33091,Single,Undergraduate,Yes,No,0
21,Male,55298,27,668,3,43328,Single,Graduate,Yes,Yes,0
25,Female,71112,22,342,3,23610,Married,Undergraduate,Yes,No,0
32,Female,43429,24,718,5,6079,Married,Graduate,Yes,Yes,0
46,Male,70200,27,787,1,34850,Single,Undergraduate,No,Yes,0
54,Female,91308,18,377,0,25590,Married,Undergraduate,No,No,0
34,Female,68244,14,569,2,35951,Single,Undergraduate,No,Yes,0
46,Female,137217,19,614,3,20327,Married,Graduate,Yes,Yes,0
47,Male,134055,13,467,1,17755,Married,Graduate,No,No,0
29,Female,121268,23,638,4,12235,Married,Undergraduate,Yes,Yes,0
46,Female,125441,5,492,3,22197,Married,Graduate,No,Yes,0
42,Female,37347,20,752,1,26473,Single,Undergraduate,No,No,0
50,Female,36920,28,582,0,7031,Married,Undergraduate,No,No,0
37,Male,51822,3,635,0,46282,Married,Graduate,No,Yes,0
46,Male,66659,7,689,3,46863,Married,Graduate,No,No,1
56,Female,60108,16,824,3,19287,Single,Graduate,Yes,No,1
21,Female,148955,29,539,5,43679,Single,Graduate,No,Yes,0
28,Male,109099,8,782,2,49463,Married,Undergraduate,Yes,Yes,0
55,Male,27967,0,891,1,37230,Married,Graduate,Yes,No,0
35,Female,130719,23,854,3,24037,Married,Graduate,Yes,Yes,0
42,Male,31871,19,757,2,32052,Married,Undergraduate,Yes,No,0
34,Female,114299,24,388,5,8340,Married,Undergraduate,Yes,No,0
46,Male,97452,13,394,2,45644,Married,Undergraduate,Yes,Yes,0
48,Male,94270,10,751,3,6141,Single,Undergraduate,Yes,Yes,0
43,Male,53613,20,727,0,30425,Married,Graduate,Yes,No,1
34,Male,48179,2,450,1,24281,Married,Graduate,No,No,0
44,Female,140465,8,813,1,47049,Married,Undergraduate,No,No,1
22,Male,72188,26,675,0,25425,Married,Undergraduate,Yes,No,1
46,Male,75099,13,321,3,39806,Married,Graduate,Yes,Yes,0
34,Female,55262,29,612,1,37113,Married,Graduate,Yes,No,0
27,Male,98213,8,818,3,9270,Single,Graduate,No,Yes,0
23,Male,137407,3,505,5,47814,Single,Graduate,No,Yes,0
43,Female,38268,26,674,3,9683,Single,Graduate,Yes,No,0
38,Male,97866,3,750,2,44884,Single,Undergraduate,Yes,Yes,0
58,Female,106269,27,894,0,34809,Single,Undergraduate,No,Yes,0
55,Female,80545,7,478,3,39552,Single,Undergraduate,No,No,0
35,Female,123483,1,509,5,8786,Married,Undergraduate,Yes,Yes,0
45,Female,112822,8,799,4,26650,Married,Graduate,Yes,Yes,0
57,Male,92146,28,763,0,33706,Married,Undergraduate,Yes,No,1
48,Female,91966,13,423,1,14190,Married,Graduate,Yes,No,0
30,Male,59922,21,412,2,43196,Married,Graduate,No,No,0
59,Male,99364,8,311,1,44449,Married,Graduate,No,No,0
37,Male,62913,23,425,5,44661,Single,Graduate,Yes,No,0
59,Male,117033,22,864,5,34709,Married,Graduate,Yes,No,1
42,Male,124792,15,630,1,19892,Single,Graduate,Yes,No,0
46,Male,139425,28,582,0,14643,Single,Graduate,No,Yes,0
45,Male,75677,29,439,1,14943,Married,Undergraduate,Yes,Yes,0
37,Male,122154,16,700,3,48240,Married,Graduate,Yes,No,1
33,Male,69841,15,396,1,26042,Married,Undergraduate,Yes,Yes,0
40,Male,66332,29,816,2,48894,Married,Undergraduate,No,Yes,0
45,Female,112062,11,868,2,11869,Married,Graduate,Yes,No,1
24,Female,139863,2,368,4,45437,Married,Graduate,No,Yes,0
30,Female,115694,10,417,2,49306,Married,Undergraduate,Yes,No,0
23,Male,45032,13,358,1,47833,Single,Undergraduate,Yes,Yes,0
38,Female,57846,17,332,2,25918,Married,Undergraduate,Yes,No,0
56,Female,79474,20,617,0,33379,Married,Undergraduate,No,Yes,0
42,Female,64936,20,349,2,47939,Single,Graduate,Yes,Yes,0
54,Male,49794,4,788,3,30274,Married,Graduate,Yes,Yes,0
28,Male,81588,15,318,0,22696,Married,Graduate,No,No,0
39,Male,90984,19,496,4,7962,Single,Undergraduate,No,Yes,0
57,Male,70331,4,749,3,18851,Married,Graduate,No,Yes,0
26,Female,114397,2,858,1,10296,Married,Undergraduate,Yes,No,1
46,Female,48141,11,751,1,19745,Married,Graduate,No,No,0
54,Female,29074,0,588,1,10730,Married,Undergraduate,Yes,Yes,0
26,Female,26406,20,440,3,18921,Married,Graduate,No,Yes,0
57,Male,117359,28,383,3,37894,Married,Graduate,No,Yes,0
53,Male,143279,8,690,3,10602,Single,Undergraduate,No,Yes,0
42,Male,43291,28,890,0,22575,Married,Undergraduate,Yes,No,0
41,Female,61568,8,514,5,24023,Married,Undergraduate,Yes,Yes,0
26,Male,117539,3,825,0,20997,Single,Undergraduate,Yes,Yes,0
26,Male,66851,2,514,1,22750,Single,Undergraduate,Yes,No,0
24,Female,119942,16,702,5,46979,Married,Graduate,Yes,Yes,0
50,Female,74823,1,427,2,27837,Single,Undergraduate,Yes,Yes,0
31,Male,43312,23,776,1,19997,Married,Graduate,Yes,Yes,0
50,Male,63108,0,703,4,44439,Married,Graduate,Yes,No,1
51,Male,86918,7,328,0,28067,Single,Graduate,Yes,No,0
44,Male,54171,12,637,3,25923,Married,Graduate,No,Yes,0
29,Male,61779,22,660,0,13876,Married,Graduate,No,Yes,0
23,Male,88828,14,868,3,7887,Single,Undergraduate,Yes,No,1
51,Female,127315,7,691,5,47422,Single,Undergraduate,Yes,Yes,0
57,Female,118723,11,517,4,41854,Single,Graduate,Yes,Yes,0
56,Female,32411,21,873,5,41948,Single,Graduate,Yes,No,0
44,Male,122821,11,501,4,7841,Married,Undergraduate,No,No,0
51,Female,137990,13,316,0,33756,Single,Undergraduate,No,No,0
26,Male,77009,14,621,3,11040,Single,Graduate,Yes,Yes,0
22,Male,35422,14,817,5,15304,Single,Undergraduate,No,Yes,0
40,Female,62468,8,869,4,35341,Single,Undergraduate,No,Yes,0
48,Male,52371,18,624,1,9758,Single,Undergraduate,Yes,Yes,0
31,Male,77022,25,711,1,22010,Married,Graduate,Yes,No,1
24,Female,91229,19,617,5,36658,Single,Undergraduate,Yes,Yes,0
35,Female,119071,28,381,3,42782,Married,Graduate,Yes,Yes,0
26,Female,71196,21,773,5,6375,Single,Graduate,No,No,1
50,Male,100354,7,767,0,38949,Single,Graduate,Yes,No,1
58,Female,116774,20,724,4,27092,Single,Graduate,No,Yes,0
22,Female,116410,18,503,0,5490,Single,Graduate,Yes,No,0
35,Male,46715,5,882,1,8729,Single,Undergraduate,No,No,0
31,Female,47605,19,686,4,10974,Single,Graduate,Yes,Yes,0
28,Female,119853,24,397,5,24680,Single,Graduate,Yes,Yes,0
46,Female,51174,28,644,0,23324,Single,Graduate,No,Yes,0
25,Male,29956,18,507,2,36334,Married,Undergraduate,No,Yes,0
26,Male,124444,3,813,3,26398,Single,Undergraduate,No,No,1
46,Male,96373,22,885,3,39650,Married,Undergraduate,Yes,No,1
24,Male,89252,6,465,2,26292,Single,Undergraduate,No,Yes,0
39,Female,81949,27,321,1,40755,Married,Undergraduate,No,Yes,0
40,Male,82646,27,453,4,43353,Single,Undergraduate,No,No,0
53,Male,90017,3,738,3,8159,Single,Undergraduate,No,Yes,0
40,Female,83037,21,594,2,37626,Single,Graduate,No,Yes,0
32,Female,109818,11,518,5,34351,Married,Graduate,No,Yes,0
21,Female,26548,12,794,2,42298,Married,Undergraduate,No,Yes,0
46,Male,136981,2,529,1,22065,Married,Graduate,No,No,0
34,Male,123141,21,319,1,26638,Married,Graduate,No,Yes,0
58,Male,93294,11,852,0,6073,Single,Undergraduate,Yes,No,1
57,Female,129204,1,447,3,23771,Single,Graduate,Yes,Yes,0
31,Female,43177,23,407,0,40461,Single,Graduate,No,Yes,0
56,Male,44022,1,702,2,47330,Married,Undergraduate,Yes,No,0
33,Female,126297,26,895,4,34320,Single,Graduate,Yes,Yes,0
23,Female,140695,22,782,4,9340,Married,Undergraduate,No,No,1
53,Female,25542,8,666,1,39924,Married,Undergraduate,No,Yes,0
26,Male,111012,0,713,4,21184,Married,Graduate,No,Yes,0
30,Female,116320,7,608,4,45734,Married,Graduate,No,Yes,0
25,Female,80428,22,433,4,7580,Married,Graduate,No,Yes,0
43,Male,42740,5,582,2,45025,Single,Undergraduate,No,Yes,0
30,Male,79353,5,372,4,33967,Married,Undergraduate,Yes,No,0
22,Female,110353,21,780,5,7159,Married,Undergraduate,No,No,1
33,Female,133132,24,651,4,18900,Single,Graduate,Yes,Yes,0
22,Male,76532,17,859,4,16440,Married,Graduate,No,Yes,0
40,Male,36052,16,625,0,19678,Married,Undergraduate,No,No,0
21,Female,120689,28,742,2,17021,Single,Graduate,Yes,No,1
57,Female,67076,11,399,1,11772,Single,Graduate,No,Yes,0
29,Female,73420,5,358,0,6627,Single,Undergraduate,No,Yes,0
37,Female,20671,25,807,3,49432,Married,Undergraduate,Yes,No,0
29,Male,20163,26,557,2,13219,Single,Graduate,No,Yes,0
31,Female,61424,7,712,5,28464,Single,Undergraduate,Yes,No,1
35,Female,129538,18,751,2,35232,Single,Graduate,No,Yes,0
44,Male,73744,27,364,3,47481,Married,Undergraduate,No,No,0
58,Female,90331,9,894,3,13488,Single,Undergraduate,Yes,No,1
55,Male,30634,0,453,3,39949,Married,Undergraduate,No,Yes,0
50,Female,24798,24,565,1,49362,Married,Graduate,Yes,No,0
51,Female,42420,28,378,4,44932,Single,Graduate,Yes,Yes,0
25,Male,137043,12,614,2,23981,Married,Undergraduate,Yes,Yes,0
34,Male,140575,16,859,4,5901,Married,Undergraduate,No,Yes,0
31,Female,147158,2,547,4,27444,Single,Undergraduate,No,Yes,0
29,Female,49300,7,713,5,47058,Married,Graduate,Yes,No,0
54,Female,109881,13,324,3,23061,Single,Undergraduate,No,Yes,0
32,Male,30749,2,583,1,7881,Married,Undergraduate,No,Yes,0
55,Female,124131,15,748,5,34863,Married,Undergraduate,No,Yes,0
55,Male,45121,12,600,0,10622,Single,Undergraduate,Yes,Yes,0
21,Male,148563,19,367,1,6378,Single,Graduate,No,No,0
42,Female,57487,23,306,4,22632,Married,Graduate,Yes,Yes,0
49,Male,113947,16,436,1,33311,Married,Undergraduate,No,No,0
28,Female,53361,12,463,3,10650,Single,Graduate,No,No,0
31,Female,41223,28,382,0,47224,Married,Graduate,Yes,No,0
57,Female,92930,5,719,3,12036,Married,Graduate,No,Yes,0
34,Female,34056,16,372,0,44255,Married,Undergraduate,Yes,Yes,0
50,Female,48380,13,536,5,27499,Married,Graduate,No,Yes,0
55,Male,46035,16,345,4,42016,Single,Graduate,Yes,Yes,0
41,Male,50620,29,561,0,9603,Single,Graduate,No,No,0
57,Female,39877,7,475,0,32773,Single,Undergraduate,No,No,0
25,Female,145481,10,465,0,24937,Single,Undergraduate,No,Yes,0
39,Male,75316,19,669,1,17632,Single,Graduate,Yes,Yes,0
34,Male,84041,27,353,5,35607,Single,Graduate,Yes,Yes,0
46,Male,128940,0,718,1,31337,Married,Undergraduate,Yes,Yes,0
24,Male,137360,25,806,4,5220,Single,Undergraduate,No,Yes,0
45,Female,73352,6,640,0,9818,Married,Graduate,Yes,Yes,0
45,Female,50911,20,426,5,12349,Married,Graduate,Yes,Yes,0
38,Male,52784,20,708,5,10618,Married,Undergraduate,Yes,No,1
28,Female,23191,16,666,2,32464,Single,Undergraduate,Yes,No,0
59,Male,53160,29,570,4,47624,Married,Graduate,Yes,No,0
34,Female,110536,9,678,5,42344,Single,Undergraduate,Yes,No,1
52,Male,124576,10,372,0,23255,Married,Graduate,Yes,Yes,0
58,Female,84641,21,547,0,29299,Married,Graduate,Yes,Yes,0
53,Male,69723,29,342,5,6462,Single,Graduate,Yes,Yes,0
43,Male,23631,8,676,1,20905,Married,Undergraduate,Yes,Yes,0
35,Female,26172,8,340,4,29920,Married,Graduate,No,Yes,0
53,Male,62080,23,469,0,21252,Married,Graduate,No,No,0
45,Female,109097,4,511,5,46004,Married,Undergraduate,Yes,Yes,0
37,Female,110353,16,792,0,45581,Single,Undergraduate,No,No,1
53,Male,40281,8,338,5,39836,Married,Graduate,No,Yes,0
22,Female,48671,16,668,4,10753,Married,Graduate,Yes,No,0
34,Female,142811,23,450,5,45005,Single,Undergraduate,Yes,Yes,0
59,Female,71431,20,410,2,19175,Married,Undergraduate,Yes,No,0
26,Female,110900,18,779,5,11191,Married,Undergraduate,No,Yes,0
26,Female,142139,26,735,5,22898,Married,Graduate,Yes,Yes,0
23,Male,127210,6,346,4,23982,Married,Graduate,No,Yes,0
27,Female,147734,22,874,5,19622,Single,Graduate,Yes,Yes,0
28,Female,112961,8,665,4,6001,Married,Undergraduate,No,No,1
35,Female,135463,6,368,2,48000,Single,Graduate,No,Yes,0
49,Female,48602,12,598,4,28283,Married,Undergraduate,Yes,No,0
53,Female,108789,10,595,0,26435,Married,Graduate,Yes,Yes,0
50,Male,71399,13,502,4,32223,Married,Undergraduate,No,No,0
59,Female,43472,18,360,2,42244,Single,Graduate,No,Yes,0
47,Male,69230,10,613,3,35024,Married,Graduate,Yes,Yes,0
56,Male,93616,12,460,5,35734,Married,Undergraduate,Yes,No,0
49,Male,27099,13,630,4,5515,Single,Undergraduate,No,Yes,0
58,Male,138614,12,827,5,6191,Single,Graduate,Yes,Yes,0
53,Female,45431,0,637,1,37264,Single,Undergraduate,No,No,0
57,Male,76492,7,603,0,48628,Single,Undergraduate,Yes,Yes,0
47,Male,116722,11,802,0,11297,Married,Graduate,Yes,No,1
53,Female,67684,18,637,1,32856,Married,Undergraduate,Yes,Yes,0
24,Female,50111,11,849,1,13334,Married,Graduate,No,No,1
42,Female,125387,7,574,4,29162,Married,Graduate,Yes,No,0
22,Male,83936,7,463,1,11008,Single,Undergraduate,No,No,0
30,Female,42614,28,742,3,12987,Married,Undergraduate,Yes,No,0
25,Female,112260,20,618,5,35966,Married,Graduate,No,Yes,0
30,Male,61991,12,888,5,8332,Married,Graduate,No,Yes,0
53,Female,90476,11,803,2,5787,Married,Graduate,Yes,No,1
58,Female,137959,28,686,1,43990,Single,Graduate,No,Yes,0
33,Female,80920,15,793,1,14873,Married,Graduate,No,Yes,0
51,Female,114294,0,789,3,22006,Married,Graduate,No,Yes,0
56,Male,83530,12,372,0,25225,Married,Undergraduate,No,No,0
44,Female,56224,25,808,0,41444,Single,Undergraduate,Yes,Yes,0
35,Female,27788,6,689,5,40340,Single,Undergraduate,Yes,Yes,0
49,Male,48082,27,594,5,44683,Married,Graduate,Yes,No,0
28,Female,143287,25,668,4,10033,Married,Undergraduate,No,Yes,0
25,Male,109570,4,848,3,12788,Married,Graduate,No,No,1
49,Female,121015,7,867,2,20689,Single,Graduate,Yes,No,1
24,Male,96816,24,486,2,49220,Married,Undergraduate,Yes,No,0
32,Male,103588,26,744,3,26598,Married,Graduate,No,Yes,0
22,Male,36531,13,869,2,42480,Married,Graduate,Yes,Yes,0
47,Male,108340,22,662,0,34703,Single,Graduate,Yes,No,1
51,Female,114439,29,422,2,5066,Married,Graduate,No,No,0
56,Male,64857,12,487,2,12533,Married,Graduate,Yes,No,0
56,Female,30142,14,719,3,20103,Single,Graduate,No,No,0
46,Male,135053,22,551,3,9616,Single,Undergraduate,Yes,No,0
47,Male,68355,16,848,2,43498,Married,Graduate,No,No,1
25,Male,29866,14,634,1,48492,Single,Graduate,No,Yes,0
40,Female,90067,19,391,3,16772,Married,Graduate,No,No,0
31,Male,130990,17,829,4,28849,Single,Graduate,No,No,1
30,Female,123634,17,362,4,17940,Single,Undergraduate,No,No,0
58,Female,123814,1,811,0,21932,Married,Undergraduate,Yes,Yes,0
26,Female,145426,3,438,2,34769,Married,Graduate,Yes,Yes,0
28,Female,84027,29,484,1,29648,Married,Graduate,Yes,Yes,0
43,Female,77906,0,504,0,37966,Single,Graduate,No,Yes,0
46,Female,48138,3,513,2,32777,Married,Undergraduate,Yes,No,0
32,Female,112601,17,555,3,37567,Married,Undergraduate,No,Yes,0
46,Female,49956,4,434,4,22174,Married,Undergraduate,No,No,0
33,Female,127268,18,872,5,47598,Married,Undergraduate,Yes,No,1
38,Male,124797,14,387,1,18798,Married,Graduate,No,No,0
45,Male,144917,27,506,5,22558,Single,Undergraduate,Yes,No,0
53,Male,146303,7,428,4,49237,Married,Undergraduate,No,No,0
32,Male,96295,19,302,5,5178,Married,Graduate,No,No,0
56,Male,25439,16,420,3,25470,Single,Graduate,Yes,Yes,0
24,Female,67241,0,684,2,22118,Married,Undergraduate,No,Yes,0
25,Female,62533,11,337,3,27616,Married,Undergraduate,Yes,Yes,0
57,Female,48270,25,640,5,5798,Married,Undergraduate,No,Yes,0
28,Female,98815,18,320,3,12601,Married,Undergraduate,Yes,Yes,0
48,Female,59279,14,541,4,30363,Married,Graduate,No,No,0
51,Female,129787,8,754,1,7795,Single,Graduate,Yes,Yes,0
29,Female,43888,6,602,3,36926,Single,Undergraduate,Yes,Yes,0
49,Male,37630,1,895,4,42356,Single,Undergraduate,No,Yes,0
34,Male,81063,28,894,1,12297,Married,Undergraduate,Yes,No,1
42,Male,138527,8,368,2,8084,Single,Undergraduate,No,No,0
31,Male,143239,9,428,5,35329,Married,Undergraduate,No,No,0
43,Female,147896,1,495,2,16110,Married,Graduate,Yes,Yes,0
21,Female,55144,18,439,0,5731,Married,Graduate,Yes,Yes,0
57,Female,72161,10,743,4,6129,Single,Graduate,Yes,Yes,0
41,Male,116718,12,582,1,33022,Single,Undergraduate,Yes,Yes,0
46,Female,145873,9,611,3,6605,Single,Undergraduate,Yes,Yes,0
56,Female,111074,13,834,2,16970,Married,Graduate,No,No,1
43,Female,97360,17,576,1,48705,Single,Graduate,Yes,Yes,0
21,Male,70979,18,360,4,49130,Married,Undergraduate,No,No,0
35,Female,117661,21,618,0,34265,Single,Graduate,Yes,Yes,0
41,Male,26979,8,351,2,37330,Single,Undergraduate,Yes,No,0
29,Male,46189,24,452,5,7933,Married,Undergraduate,Yes,No,0
29,Male,62600,6,610,1,20187,Married,Graduate,No,No,0
30,Male,79560,27,843,5,30791,Single,Graduate,Yes,No,1
46,Female,98040,2,866,1,29900,Single,Graduate,No,Yes,0
55,Male,143257,19,688,1,10074,Single,Undergraduate,No,Yes,0
45,Male,81558,5,847,4,31426,Married,Undergraduate,No,Yes,0
46,Female,106205,26,476,4,44867,Married,Graduate,Yes,No,0
31,Female,26910,20,661,4,5893,Single,Undergraduate,No,Yes,0
58,Male,77713,1,613,3,39158,Single,Undergraduate,Yes,Yes,0
22,Female,66857,28,396,1,24773,Married,Undergraduate,No,Yes,0
27,Male,54964,5,512,2,9239,Single,Graduate,Yes,Yes,0
38,Male,105667,2,436,5,25863,Married,Undergraduate,No,No,0
47,Male,45227,15,305,4,8432,Married,Graduate,Yes,No,0
